Statistic,Value
Mean,130.31181210311001
Median,135.37999725341797
Variance,934.3106535870312
Cumulative Return,94.98196817566259
